DocNo,DocDate,CreditorName,Phone1,Attention,Total
PO25-1025,20250702,DB INSERTION TESTING SDN BHD,03-2144 6666,LILIAN NG (012-919 6666),20.00
PO25-1026,20250702,DB INSERTION TESTING SDN BHD,03-2144 6666,LILIAN NG (012-919 6666),11.00
PO25-1027,20250702,DB INSERTION TESTING SDN BHD,03-2144 6666,LILIAN NG (012-919 6666),22.20
PO25-1028,20250702,DB INSERTION TESTING SDN BHD,03-2144 6666,LILIAN NG (012-919 6666),20.45
PO25-1029,20250702,DB INSERTION TESTING SDN BHD,03-2144 6666,LILIAN NG (012-919 6666),30000.00
PO25-1030,20250408,HAN LAPTOPS IT SOLUTION,010-9503 666,MAS (010-9503 792),15000.00
PO25-1031,20250408,M-LINK SYSTEM (M) SDN BHD,03-6143 6666 (1044),JOEY WU (+60 19-816 6666),454.75
PO25-1032,20250408,ALL IT HYPERMARKET SDN BHD,03-7958 6666,DINESH VALLIKKANAN,300.00
PO25-1033,20250410,M-LINK SYSTEM (M) SDN BHD,03-6143 6666 (1044),JOEY WU (+60 19-816 6666),10380.00
PO25-1034,20250418,HAN LAPTOPS IT SOLUTION,010-9503 666,MAS (010-9503 666),10000.00
PO25-1035,20250418,DIGITAL PAPER SDN BHD,,MANDY / CHRISTINE / EE,308.00
PO25-1036,20250505,VSTECS ASTAR SDN BHD,03-6286 6666,BECKY,3007.00
PO25-1037,20250505,DIGITAL PAPER SDN BHD,,MANDY / CHRISTINE / EE,75.00
PO25-1038,20250520,RELIANT DESIGN SOLUTIONS SDN BHD,03-92262666,CALVIN DAVID - 0123899666,1645.00